{"cameraMode":{"drawMode":0,"name":"Shaded","section":"Shading Mode"},"sceneLighting":false,"audioPlay":false,"sceneViewState":{"showFog":true,"showMaterialUpdate":true,"showSkybox":true,"showFlares":true,"showImageEffects":true,"showParticleSystems":true},"in2DMode":false,"pivot":{"x":1.0447444915771485,"y":8.285587310791016,"z":1.6250605583190919},"rotation":{"x":-0.45327866077423098,"y":-0.4110296070575714,"z":0.24807310104370118,"w":-0.7510346174240112},"size":24.615751266479493,"orthographic":false}