{"cameraMode":{"drawMode":0,"name":"Shaded","section":"Shading Mode"},"sceneLighting":false,"audioPlay":false,"sceneViewState":{"showFog":true,"showMaterialUpdate":true,"showSkybox":true,"showFlares":true,"showImageEffects":true,"showParticleSystems":true},"in2DMode":false,"pivot":{"x":-817.0585327148438,"y":-481.83001708984377,"z":-516.1092529296875},"rotation":{"x":0.30213984847068789,"y":-0.22834090888500215,"z":0.07478796690702439,"w":0.9224851131439209},"size":44.37754440307617,"orthographic":false}