{"cameraMode":{"drawMode":0,"name":"Shaded","section":"Shading Mode"},"sceneLighting":true,"audioPlay":false,"sceneViewState":{"showFog":true,"showMaterialUpdate":true,"showSkybox":true,"showFlares":true,"showImageEffects":true,"showParticleSystems":true},"in2DMode":false,"pivot":{"x":397.4024658203125,"y":-446.5220947265625,"z":-123.28704833984375},"rotation":{"x":-0.05190408229827881,"y":-0.9043765068054199,"z":0.40669840574264529,"w":-0.11834496259689331},"size":922.388427734375,"orthographic":false}